{
  "metadata": {
    "timestamp": "2025-11-13T05:57:00.363980028Z",
    "version": "0.1.0",
    "commit_hash": "unknown",
    "system_info": "Metatron Advanced Algorithms - Grover, Boson Sampling, QML"
  },
  "grover_search": {
    "target_node": 0,
    "success_probability": 0.07539890615098725,
    "speedup": 7.211102550927979,
    "iterations_classical": 13.0,
    "iterations_quantum": 1.8027756377319946,
    "execution_time_ms": 0.120438
  },
  "multi_target_grover": {
    "num_targets": 6,
    "success_probability": 0.45926097418025935,
    "execution_time_ms": 0.029769
  },
  "boson_sampling": {
    "num_single_photon_samples": 50,
    "num_multi_photon_samples": 0,
    "interference_visibility": 0.75,
    "classical_correlation": 0.65,
    "execution_time_ms": 0.08338000000000001
  },
  "quantum_ml": {
    "num_training_graphs": 10,
    "num_layers": 2,
    "training_epochs": 20,
    "test_accuracy": 0.4,
    "execution_time_ms": 3307.313073
  },
  "performance_metrics": {
    "total_execution_time_ms": 3309.354427,
    "grover_ops_per_second": 122907.84999528383,
    "boson_samples_per_second": 599664.1880546892,
    "ml_convergence_rate": 0.0
  }
}
